CSmell,SVul,RELY,DATA,CPLX,RUSE,DOCU,TIME,STOR,PVOL,ACAP,PCAP,PCON,APEX,PLEX,LTEX,TOOL,SITE,SCED,AA,PR,ETT,FCR,CD,ISS,ISRR,DRR
1023.308757,23.70530007,0.6,1,1,1,1.11,1,1,1,1,0.88,0.81,1,1,1,1,1,1,1.120154862,0.993237432,1.047452978,1,1,2,0.5,1
1023.308757,23.70530007,0.8,1,1,1,1.11,1,1,1,1,0.88,0.81,1,1,1,1,1,1,1.120154862,0.993237432,1.047452978,1,1,2,0.5,1
1023.308757,23.70530007,1,1,0.8,1,1.11,1,1,1,0.9,0.88,0.81,0.8,1,1,1,1,1,1.120154862,0.993237432,1.047452978,1,1,2,0.5,1
1023.308757,23.70530007,1,0.9,1,0.9,1.11,1,1,1,1,0.88,0.81,1.2,1,1,1,1,1,1.120154862,0.993237432,1.047452978,1,1,2,0.5,1
1023.308757,23.70530007,1,1,1,1,1.11,1,1,1,1,0.88,0.81,1,1,1,1,1,1,1.120154862,0.993237432,1.047452978,1,1,2,0.5,1