CSmell,SVul,RELY,DATA,CPLX,RUSE,DOCU,TIME,STOR,PVOL,ACAP,PCAP,PCON,APEX,PLEX,LTEX,TOOL,SITE,SCED,AA,PR,ETT,FCR,CD,ISS,ISRR,DRR
1023.308757,23.70530007,1,1.14,1,0.95,1,1,1,0.87,0.85,0.88,0.81,1,1,1,1,1,1,1.120154862,0.993237432,1.047452978,-782.0727772,821.7832461,356.9644555,1535.990724,1266.675239
