CSmell,SVul,RELY,DATA,CPLX,RUSE,DOCU,TIME,STOR,PVOL,ACAP,PCAP,PCON,APEX,PLEX,LTEX,TOOL,SITE,SCED,AA,PR,ETT,FCR,CD,ISS,ISRR,DRR
1023.308757,23.70530007,0.7,1,1.16,1,1.11,1,1,1,1.5,0.88,0.81,1.22,1,1,1,1,1,1.120154862,0.993237432,1.047452978,1,1,2,0.5,1
1023.308757,23.70530007,0.8,1,1.16,1,1.11,1,1,1,1.5,0.88,0.81,1.22,1,1,1,1,1,1.120154862,0.993237432,1.047452978,1,1,2,0.5,1
1023.308757,23.70530007,1,1,0.8599999999999999,1,1.11,1,1,1,1.2,0.88,0.81,0.9199999999999999,1,1,1,1,1,1.120154862,0.993237432,1.047452978,1,1,2,0.5,1
1023.308757,23.70530007,1,0.9,1.16,0.9,1.11,1,1,1,1.5,0.88,0.81,1.42,1,1,1,1,1,1.120154862,0.993237432,1.047452978,1,1,2,0.5,1
1023.308757,23.70530007,1,1,1.16,1,1.11,1,1,1,1.5,0.88,0.81,1.22,1,1,1,1,1,1.120154862,0.993237432,1.047452978,1,1,2,0.5,1